,AWSSentiment,AWSMixed,AWSNegative,AWSNeutral,AWSPositive,GCPmagnitude,GCPscore,IBMlabel,IBMscore,id,Azurescore,realSentiment,Text
1,POSITIVE,0.012898720800876617,0.0013091247528791428,0.1804008036851883,0.8053913116455078,1.0,0.20000000298023224,positive,0.871771,1,0.8124092817306519,neutral,"Good day, ladies and gentlemen and welcome to the General Electric Fourth Quarter 2018 Earnings Conference Call. At this time, all participants are in a listen-only mode. My name is Brandon and I'll be your conference facilitator today. [Operator Instructions] As a reminder, this conference is being recorded."
2,NEUTRAL,0.002105920808389783,0.026451878249645233,0.952021598815918,0.01942063681781292,0.0,0.0,positive,0.607113,2,0.8237001895904541,neutral,"I would now like to turn the program over to your host for today's conference, Steve Winoker Vice President of Investor Communications. Please go ahead sir."
3,POSITIVE,0.0034725023433566093,0.0015721546951681376,0.2103654444217682,0.784589946269989,1.600000023841858,0.4000000059604645,positive,0.572983,3,0.7623077630996704,neutral,"In the spirit of providing you with all the information we have as soon as we have it, I'll speak to what I have found over the last 120 days. We were executing against the key priorities we laid out in June and again in October. Simply put deleveraging the balance sheet and strengthening our businesses starting with Power. Remember beyond Power, it's important to recognize the underlying strengths in our businesses where the story is about enhancing our competitive advantage and delivering for customers and shareholders."
4,NEGATIVE,0.03922535106539726,0.5593406558036804,0.39676544070243835,0.004668481182307005,0.0,0.0,positive,0.547195,4,0.5,neutral,"Well, Jeff what I was referring to there was that, it's really the statutory calculation not the GAAP that drives the statutory funding needs. We are right in the middle of that process. We continue to expect to contribute about $2 billion to the insurance entities in 2019. We'll conclude that process over the next three to four weeks. But at this point that is what we expect."
5,NEUTRAL,0.030986493453383446,0.1672506481409073,0.7966609001159668,0.0051019755192101,1.899999976158142,0.0,negative,-0.552928,5,0.5,neutral,"Morning. Maybe as the first question on Power. I understand, you're reticent to give too much forward-looking color but perhaps give us a sense of, if you look at the reported 2018 numbers EBIT loss of $800 million free cash of minus $2.7 billion. How would you look at the or characterize to us the underlying figures for both of those two items, if you strip out charges and projects execution overruns and so on? And maybe also on that point, if you could give any color as to the separation of gas and non-gas within Power? What sort of financial conditions that separation has uncovered in each of the two pieces?"
6,NEUTRAL,0.03188908100128174,0.05413742735981941,0.761923611164093,0.15204986929893494,2.4000000953674316,0.30000001192092896,positive,0.831823,6,0.5,positive,"Sure, sure. Let me do that and again this is very much a work in progress with a new team establishing new operating rhythms. But I would say that if we start on the service side of things, right? We've got a $62 billion backlog. We did take the charge in the fourth quarter $400 million on about a $3.7 billion contract asset book and we think that's appropriate just given what we see in the marketplace. I think we're encouraged though relative to the execution around pricing here. We have changed the way the folks in the field are compensated."
7,NEUTRAL,0.2480992078781128,0.10641435533761978,0.4980381429195404,0.1474483162164688,2.0999999046325684,0.10000000149011612,positive,0.362159,7,0.7533400654792786,neutral,"Transitioning them, if you will from volume to margin. But again, there's a good bit of productivity post Alstom that we still need to get from the combined organizations here and that work is incomplete. But that's part of that operating loss that you see here at year's end. We are clearly dealing with lower demand in equipment, encouraged by some of the share points in the US market here in the back half. But again, we want to make sure we focused on profitable share. There we took $350 million of charges around the project book and we know that we have a lot of execution here to improve just in the way these projects are brought online."
8,NEUTRAL,0.039836689829826355,0.022055966779589653,0.756991982460022,0.18111535906791687,2.9000000953674316,0.5,positive,0.842082,8,0.7171832323074341,positive,"I think when you look at the vintages, we're encouraged by the progress that we see post the '16 underwriting class in terms of our margins on those projects. But that's very much a work in progress. I think with respect to the change in the structure of Power, again part of it is a cost reduction. We shared some of that in the prepared remarks but we also are getting better visibility on the underlying businesses P&L-by-P&L. So we talk about gas, we're combining services and equipment then we have the rest of our Power portfolio."
9,POSITIVE,0.2287975549697876,0.25767388939857483,0.1783124804496765,0.33521607518196106,1.600000023841858,0.10000000149011612,positive,0.667564,9,0.8926946520805359,neutral,"As Jamie mentioned, we now take on all the cost for grid now that we own all of it that doesn't help us at all. But now we've got better line of sight on the discreet P&L's grid, Steam, Power Conversion and Nuclear all four of those businesses have meaningful profit improvement potential and we're going to manage them from the bottoms up accordingly. So clearly, we're at a break even from our P&L perspective absence some other charges, a lot of work to do here and as we have better visibility and more conviction around those improvements, we'll be back and we'll be back here soon with respect to how that plays out in '19 and '20."
10,NEUTRAL,0.08802171051502228,0.3117474913597107,0.510089635848999,0.09014113992452621,1.600000023841858,0.0,positive,0.447535,10,0.7104167342185974,neutral,"The other color I would just add there on negative free cash flow is as volume comes down in the factories and as our projects continue to work their way through, you see volume leveling but we've been in a declining frame here. So what's really flowing through on cash in addition to some of the other items Larry mentioned is a burn down of our progress billings and a burn down of our project payables. Situations where we receive projects in advance of constructing new equipment or where we received progress on projects and now we're in the phase of the project, where the payables and the costs are starting to come through. So that's also pressuring the Power of free cash flow. And as that levels that also starts to level."
11,NEUTRAL,0.0017562169814482331,0.0005225890199653804,0.9166315793991089,0.08108961582183838,1.100000023841858,0.20000000298023224,positive,0.90198,11,0.5,neutral,"With respect to delevering, we've taken the following actions: We've reduced the quarterly dividend retaining $4 billion per year; accelerated the sale of a portion of our BHGE ownership stake raising $3.7 billion; and changed the structure of our transaction with Wabtec enabling us to retain an incremental $2 billion stake. We're demonstrating our seriousness and the flexibility with respect to our decisions to recut the BHGE and Wabtec deals in particular. We closed Distributed Power for $2.8 billion of net cash in the quarter."
12,NEUTRAL,0.1296723186969757,0.10994797945022583,0.5205283164978027,0.23985140025615692,0.800000011920929,0.0,positive,0.603998,12,0.5,neutral,"Thanks. And then my second question may be about a business, where there's better medium term visibility Aviation. You talked about the LEAP operating margin headwind last year. How do you see that moving in 2019 relative to that 160 bps? And then looking out beyond just this year anything on the horizon in terms of let's say 777X transition or NMA that you think could cause a major risk to the aviation free cash flow in margin profile?"
13,POSITIVE,0.060717061161994934,0.01651442050933838,0.4197361469268799,0.5030323266983032,1.5,0.0,positive,0.325431,13,0.5,positive,"With respect to Aviation's merger and mix you saw strong fourth quarter and when we look at the remixing that's happening between CFM and LEAP significant increase in LEAP shipments in the quarter up 88% over the prior year. Year-over-year 2.4x up and you're seeing CFM come down meaningfully over those same periods. Next year, CFM will come down again about I'd say more than 50% of CFM deliveries will be reduced next year but the LEAP also ramps from the 1,118 we had this year up to 1,800-plus. So that remixing continues to occur. We mentioned on the call that it was a drag in 2018 of 160 basis points. We do expect continued some small drag next year but again Aviation's doing a really nice job offsetting that with services growth. They're shifting in military and the company-funded R&D."
14,NEUTRAL,0.023705340921878815,0.12947167456150055,0.7697762846946716,0.077046699821949,0.30000001192092896,-0.10000000149011612,positive,0.615915,14,0.5,neutral,"We're clearly in conversations with our major airframe customers about new platforms. I think at this point, it would be premature to suggest that we're going to have a cash flow headwind a material cash flow headwind around any of those programs here in '19."
15,NEGATIVE,0.01694183237850666,0.9134793877601624,0.06697069108486176,0.0026081411633640528,2.0,0.0,negative,-0.460259,15,0.5,negative,"And Larry I don't buy that you're going to have a prom date. That's nonsense. Even I had a prom date. I was bald at birth. All kidding aside, the one number you gave that was new, which was kind of eye-popping to me, it was just $1.6 billion Power headquarter number. Can you put some context around that? It seems just like such a insane number. But I don't know really what you're including in that I guess as far as talking about headquarter?"
16,NEGATIVE,0.1436067819595337,0.3903888165950775,0.3263181746006012,0.1396862268447876,4.5,0.20000000298023224,positive,0.454237,16,0.8629053831100464,neutral,"Well, there's -- it's a large number and again, I think we've got line of sight here in the near terms Scott to bring that down by about 300. And effectively, as you know, we've done a lot horizontally both at corporate and at the segment levels over time for the businesses. So it's not as if it's unhelpful or wasteful but there clearly is an adjustment we can take here as we move those activities into the businesses and I think over time as the businesses have true ownership for them that they are in their operating budgets as opposed to an allocation from corporate. They're likely to find opportunities for further savings. But we don't do it primarily for the cost reduction. I think we really do it to help drive visibility and accountability P&L-by-P&L. I think I've shared with some folks that early on in my tenure we would talk about Power as if it was one business. It's obviously a number of businesses. Some better than others, different issues here and there. I think we've got better visibility on those issues. It's not perfect today but as we get that visibility I think better position to take meaningful action to drive better results across that portfolio."
17,NEUTRAL,0.06993700563907623,0.03625522181391716,0.7069607377052307,0.18684707581996918,1.100000023841858,0.10000000149011612,positive,0.306029,17,0.5,neutral,"That make sense. And then the other thing is just not totally clear is, if the New World is 25 gigawatts to 30 gigawatts, which arguably a lot of people can say the New World is 25 or even a little lower but how do you get your capacity down anywhere close to that? I mean you've got big factories, lots of capital equipment, lot of pressure from governments and unions and everybody else. Is it realistic to be able to get that down in the next two years? it's something that's closer to 30?"
18,NEUTRAL,0.1709640473127365,0.17552372813224792,0.3696397840976715,0.2838723957538605,2.9000000953674316,0.20000000298023224,positive,0.781831,18,0.5,neutral,"Well, I think it is realistic, right? There are going to be a number of competing priorities and pressures but we took $1 billion of cost out last year. I think we are putting the -- we're putting up the parameters of a program to build on what we did last year. So Scott, we have to do this. We absolutely have to do this. I think we know, it's a multiyear effort but the challenge here around margins is not simply one of capacity. Right back to the earlier question around pricing. Productivity both in new equipment and in the field on services. It's a whole host of things that I think give us the optimism that we can drive better margin and cash performance in this business. But we have to prove that to you."
19,NEUTRAL,0.007905708625912666,0.01366619672626257,0.8672138452529907,0.11121430993080139,0.30000001192092896,0.0,positive,0.602805,19,0.5,neutral,"For the year, we signed or completed substantially all of our $20 billion industrial asset sale plan, which had targeted roughly $10 billion in proceeds. We also announced the sale of ServiceMax in the fourth quarter. We completed $8 billion of capital asset sales and other actions in the quarter bringing our total for the year to $15 billion, which were executed at book value or better. We're more than halfway through the total of $25 billion capital asset sale program, which we expect to complete this year."
20,NEUTRAL,0.005890666972845793,0.0455966554582119,0.8779609799385071,0.07055173069238663,0.0,0.0,positive,0.47644,20,0.5,neutral,"And from Citi, we have Andrew Kaplowitz. Please go ahead."
21,MIXED,0.507737934589386,0.09828605502843857,0.04555947333574295,0.3484165370464325,2.0999999046325684,0.30000001192092896,positive,0.469988,21,0.8138052225112915,neutral,"Hey. Good morning, guys. Larry, one of the biggest issues I think that investors have had when GE is the concern that legacy liabilities will continue to surprise the company. The FIRREA agreement with the DOJ seems like a positive development in that regard, so does is the relatively small LTC adjustment. But at this point, do you feel reasonably confident that you've identified all the skeletons in the closet in a level of negative surprises are really going to start dropping moving forward?"
22,POSITIVE,0.021729659289121628,0.0013255183584988117,0.12880930304527283,0.8481355905532837,1.7999999523162842,0.20000000298023224,positive,0.534013,22,0.5,positive,"I don't think I would ever say, even on my last day here that we have found all the skeletons, right? I don't tend to take absolute positions. But that said I think you're spot on. The news today around WMC is good both with respect to a resolution and the fact that we came in right where we were reserved. So we can begin to move that episode behind us. I think we're encouraged by the results that Jamie walked you through relative to the LRT."
23,NEGATIVE,0.08488820493221283,0.746124804019928,0.14286500215530396,0.02612197771668434,1.100000023841858,0.0,positive,0.42669,23,0.9185148477554321,positive,"But again, the cash requirements really come from the stat and not the GAAP test and that will still has a few more weeks to run. But in the absence of no new news again with a lot of fresh eyes and it's not my fresh eyes we've got a new GC, we've got a new controller new to GE in their first years. I think that is a positive sign that we aren't adding to the list. We're going to be as open and transparent as we possibly can, when we find things. And we're going to help you understand what we're doing to address them but I'm encouraged by what I see and what has not arisen here in nearly four months time."
24,POSITIVE,0.08990568667650223,0.04347095638513565,0.374222993850708,0.49240028858184814,0.30000001192092896,0.0,positive,0.547362,24,0.5,neutral,"And Larry, you're pretty clear about having no plans to sell GECAS. It sounds quite definitive but obviously there's a lot of noise out there. So maybe I could step back and ask you how you weigh the urgency to get GE Capital debt down versus keeping the strong earnings stream in tact from GECAS that you have in the business?"
25,POSITIVE,0.06006167456507683,0.017828188836574554,0.13646173477172852,0.7856483459472656,3.299999952316284,0.30000001192092896,positive,0.633225,25,0.7719853520393372,positive,"Well, I think that we're -- we're frankly keen not to comment on every rumor on every innuendo that's out there. GECAS is one business that we get inbounds on with some frequency. But frankly. We get inbounds on everything but my desk. I think it speaks to the quality of the assets. Again, I think we can delever and bring that net debt down from $55 billion to something closer to $25 billion. We've got a number of options. We are mindful of the trades when we move assets out and the impact on our earnings and cash capability. But again, you elevate to the strategic level, I think we are clear. We need to delever and we're going to work the plan that we've outlined here today and that's really is I think as simple and as straightforward as it gets."
26,NEUTRAL,0.0033239000476896763,0.03536754474043846,0.9485219717025757,0.012786620296537876,0.0,0.0,positive,0.47644,26,0.5,neutral,"From Bank of America Merrill Lynch, we have Andrew Obin. Please go ahead."
27,NEUTRAL,0.048236750066280365,0.02376674674451351,0.6350365281105042,0.2929600179195404,1.899999976158142,0.20000000298023224,positive,0.812505,27,0.9612302780151367,neutral,"Hi, good morning. Just a question. You mentioned that you took $400 million of contract asset writedown in Power. And my understanding is that sort of culturally is a big deal. Shall we see more of these writedowns? How far along are we in the process of evaluating the book there?"
28,NEUTRAL,0.06616789102554321,0.20315152406692505,0.601789653301239,0.12889093160629272,0.8999999761581421,0.0,positive,0.532175,28,0.9191803932189941,neutral,"We asked our new controller, when he started to take a clean look at everything across the company. And they -- as they went through their normal standards CSA reviewed this quarter did pay particular attention to higher risk contracts, just to make sure that we were thinking about them cleanly and the right way. What we talked about on the call, which was really comprised of three different buckets were the results of that review."
29,NEUTRAL,0.014681697823107243,0.010339579544961452,0.6625435948371887,0.31243517994880676,1.600000023841858,0.30000001192092896,positive,0.880678,29,0.882237434387207,neutral,"So as we mentioned before, we had adjustments for utilization, some on pricing pressure and then just our standard cost updates. On the utilization side, when you look at the CSA book, utilization has been relatively flat and it's demonstrating actually a fairly healthy profile. And I think it just continues to support the base that gas continues to be an important source of energy generation. Now some geographies are impacted more by some of the renewables adoptions. And as you look at our book, our concentration of geographies isn't largely in those areas but we did see some true-ups that we took in places like California and Turkey just to make sure we were reflecting our best view on that."
30,NEUTRAL,0.00527979526668787,0.010450944304466248,0.9641810059547424,0.02008827216923237,0.30000001192092896,0.10000000149011612,positive,0.362803,30,0.2557857632637024,neutral,"Today, we have announced that we've reached an agreement in principle with the United States Department of Justice to settle the FIRREA investigation of WMC. GE will pay the United States a civil penalty of $1.5 billion consistent with our reserve recorded for this matter in the first quarter of last year. We've taken the following actions to strengthen our businesses."
31,NEUTRAL,0.02126365527510643,0.03452177718281746,0.8678579330444336,0.07635659724473953,1.399999976158142,0.10000000149011612,positive,0.914436,31,0.5,neutral,"On the pricing pressure, we are seeing that in some contracts. These are high margin long term contracts. And when we do go through renegotiation process on some of these, we are often able to offset that pricing with scope expansion and cost productivity. Having said that we wanted to make sure we had a realistic view of how we saw the portfolio, when we went through these reviews. We always do standard cost updating in our portfolio, that's just like you do in manufacturing. Those standard cost roll through this quarter as well. And part of that also reflected a small impact from the stage one blade issue but that's something that we had expected would happen, there as well."
32,NEUTRAL,0.0017115536611527205,0.0013021345948800445,0.9631691575050354,0.033817123621702194,0.20000000298023224,0.0,positive,0.879703,32,0.9131655693054199,neutral,"Got you. And just on GE Capital. How much incremental capital? You said $4 billion in '19 but how much incremental, do you need to put in 2020 to achieve your leverage targets? Thank you."
33,NEUTRAL,0.018971499055624008,0.04058491438627243,0.9110775589942932,0.029366066679358482,0.699999988079071,0.0,positive,0.670551,33,0.5,neutral,"Yeah. So Andrew at this point, we're talking about 2019, which is the $4 billion. And as we said as we get beyond 2019, we obviously understand. We will continue to put capital or expect to continue to put capital into the insurance subsidiaries. That will be funded through a combination of GE Capital earnings asset sales liquidity and GE parents support but at this point, we're not prepared to talk more fully about that."
34,NEUTRAL,0.0030840944964438677,0.024072153493762016,0.9542948007583618,0.01854901760816574,0.0,0.0,positive,0.47644,34,0.5,neutral,"From Deutsche Bank, we have Nicole DeBlase. Please go ahead."
35,NEUTRAL,0.03618118166923523,0.05584615468978882,0.8353092074394226,0.07266345620155334,2.0999999046325684,0.10000000149011612,positive,0.462471,35,0.7392577528953552,neutral,"So, good morning. So I just want to start on Power kind of a two part question. You reduced headcount by 15%, you reduced footprint by 30%. I know that pricing is an important part of the equation of getting back to profitability here but I guess maybe what inning are you in with respect to what you need to do to get to the right level of capacity utilization? And then same topic different question. What exactly are you doing to improve Power execution since that keeps coming up as a driver of weaker profitability and when might we stop talking about that piece of the margin headwinds?"
36,NEUTRAL,0.14262078702449799,0.10848549008369446,0.39625364542007446,0.3526400923728943,4.099999904632568,0.10000000149011612,positive,0.461543,36,0.5,positive,"Well, Nicole I would say, we are in the very early innings relative to the turnaround at Power. I don't know, how else to frame it. Again, a new team, a new structure, new operating rhythms. When we talk about execution, we talk about daily management. What I'm really referring to is making sure that every day the folks in the field, the folks in the factories, the folks in the labs understand what the key operating metrics are that they are responsible for that feed into better margins both at the growth in the operating level in this business. So that takes time because it's not just a reporting exercise, right? It's a management exercise and making sure they not understand not only how they're being measured but how to go about actually getting better price, how to go about actually driving better material productivity. Execution in the field as well. Not only around cost but frankly more importantly around quality making sure we get into outages quickly and we solve issues for customers the first time and when we're not going back. Those are the source of things. And it is a big organization. It's a global organization. This is going to take a little while. But I'm optimistic that we'll see it in our operating metrics over time and that will in turn translate into better performance. We'll clearly get some lift sooner from the absence of the adjustments that we made at the end of the year but what I'm really focused on and what I think investors are to be focused on, are those underlying operating improvements."
37,POSITIVE,0.12261823564767838,0.05463607609272003,0.4058046042919159,0.4169410467147827,2.5,0.30000001192092896,positive,0.78072,37,0.9678875207901001,positive,"Okay, got it. That's helpful. Thanks, Larry. And just a really quick one to tie up. Good progress on corporate expense reduction this quarter. Would you say that the corporate expense that we saw in 4Q is indicative of the run rate for 2019? Or are there items there that we need to consider?"
38,NEUTRAL,0.032236065715551376,0.021966401487588882,0.9144564270973206,0.03134109452366829,0.10000000149011612,0.0,negative,-0.546757,38,0.5,neutral,I'd say it's roughly indicative. I think it'll be down slightly from that. It was a little bit higher in the quarter due to some onetime expenses we had but it's close. Little bit down from that in 2019.
39,NEUTRAL,0.0038051847368478775,0.018751678988337517,0.9408048391342163,0.036638293415308,0.0,0.0,positive,0.47644,39,0.5,neutral,"From RBC Capital Markets, we have Deane Dray. Please go ahead."
40,NEUTRAL,0.011505101807415485,0.10930080711841583,0.8352286219596863,0.04396544024348259,1.0,0.20000000298023224,positive,0.528196,40,0.5,positive,"In 2018, our corporate headquarters cost was $1.2 billion down $400 million from $1.6 billion in 2017. We have begun transferring a significant portion of headcount and activities that were previously managed at corporate to the segments or to third parties with over 6,500 full-time employees transferred to-date. We're confident that as we move more activity and headcount closer to those that are directly accountable, we will see additional savings."
41,POSITIVE,0.016650980338454247,0.016919037327170372,0.33606284856796265,0.6303671598434448,0.8999999761581421,0.8999999761581421,positive,0.912727,41,0.9777933359146118,positive,I'd also like to add our welcome to Steve Winoker and wish him all the best.
42,NEGATIVE,0.06069401651620865,0.5345658659934998,0.3720122277736664,0.0327279269695282,0.699999988079071,0.0,positive,0.412973,42,0.5,neutral,"Looks like I have to burn one of my questions, what's more of a housekeeping question Larry is in the third quarter earnings you talked about plans for an Analyst meeting in early 2019. Looks like, there's still a lot of more specifics that have to get filled in in terms of guidance and especially on the cash flow side. Maybe you're not ready yet to host that meeting. But just where does that stand and what would the timing be?"
43,NEUTRAL,0.012264018878340721,0.011642836034297943,0.9460852742195129,0.0300078596919775,1.0,-0.10000000149011612,positive,0.361013,43,0.5,neutral,"Well, Dean again, I think we're sharing today what we can in terms of not only the fourth quarter but the actions that are under way and how we see 2019 shaping up. We know we're not answering every question that folks might have on their minds today. But we're not going to answer any question without a grounding and a level of conviction that we expect of ourselves and I think folks like yourselves and investors expect of us as well but we are indicating that we'll be back soon with more particularly as we work through some of the issues, we've talked about not only in our prepared remarks but also here in Q&A with respect to Power."
44,NEUTRAL,0.1641913801431656,0.08940688520669937,0.46340078115463257,0.2830009460449219,2.4000000953674316,0.10000000149011612,positive,0.735709,44,0.9062728881835938,neutral,"Okay. And Larry, I appreciate how you started off the call with all the changes in terms of the management approach and the accountability and voice of the customer. I mean that's --that was all good color to hear upfront. And then my second question is on the insurance side. We've got good news, what I see is good news on the loss recognition certainly not a new surprise. How does that change? In the third quarter, there was lots of calls for how to ring fence the long term insurance risk and where that might be. Where does that stand today in terms of priorities?"
45,NEUTRAL,0.1325606405735016,0.17157018184661865,0.5780612230300903,0.11780798435211182,2.299999952316284,0.20000000298023224,positive,0.59408,45,0.9279659986495972,positive,"Well, Dean, again I want to make sure everybody understands that the LRT results here are a positive data point. I think that the stat test is going to be more important and I think we don't expect any major surprises but we'll have those results to share with you in a few weeks. This is a long term liability right? And we have our commitments with respect to the permitted practice. We're in a position to fulfill those. We certainly get inbounds here as well from folks, who'd like to take this book off of our hands. But not necessarily in a structure and at a value that would make sense for the GE shareholder. So I suspect that as we enhance our disclosures, they'll be better understanding of what this is."
46,NEUTRAL,0.039506424218416214,0.028833044692873955,0.7927959561347961,0.13886457681655884,2.200000047683716,0.20000000298023224,positive,0.572721,46,0.9139379262924194,positive,"Certainly I suspect there will still be some debate. But I'm optimistic that the transparency will lead to better understanding and we can talk about this in a fact-based way. People can understand what that means. Is it with us forever? Or is there a way to ring fence it is to use your word again, I'm not going to rule anything out. But I think right now, what we're trying to do is to make sure that everyone understands, what it is and what our obligations are around the insurance book. So hopefully, some helpful disclosures in that regard today with more to come in the K once we're on the other side of the stat test."
47,NEUTRAL,0.0014032054459676147,0.00756889209151268,0.9701199531555176,0.02090795524418354,0.0,0.0,positive,0.47644,47,0.5,neutral,"And from Gordon Haskett, we have John Inch. Please go ahead."
48,POSITIVE,0.0011447397992014885,3.334263965371065e-05,0.30704835057258606,0.6917735934257507,1.5,0.30000001192092896,positive,0.772275,48,0.5,positive,"Good examples include the recently announced agreement with Genpact around our global operations activities and the delayering and reorganization of our Global Growth Organization. Our changes in Power followed a similar approach. We have $1.6 billion of cost at Power headquarters and expect to produce that amount by $300 million for headquarter's overhead functions. And as we distribute the remaining cost to the business units, we expect that they will find additional savings over time."
49,NEUTRAL,0.025867341086268425,0.006524696480482817,0.8077405095100403,0.15986749529838562,0.699999988079071,0.0,positive,0.375687,49,0.7566423416137695,neutral,"Good morning, Steve. Just on the capital guide. I may have missed this Jamie and Larry but what is capital guide for 2019? What are you expecting? And what kind of, are we expecting from say gains from the $10 billion of asset sales? So it's almost like, what's the guide ex the $10 billion on earnings? And also Jamie, what was Healthcare's free cash flow in 2018?"
50,NEUTRAL,0.04362642019987106,0.04807749390602112,0.6683695912361145,0.23992644250392914,2.0999999046325684,0.4000000059604645,positive,0.425831,50,0.9573606848716736,neutral,"Well, with respect to GE Capital's 2019 as Larry mentioned, we're not offering 2019 guidance today. So that's something that we will be sharing with you in the near term but not today. And with respect to Healthcare's free cash flow, I think it's well understood that that is a strong cash flow business. It's a flow business unlike some of our long cycle and I think there's been a lot of valuation maps that's been out there. So while we're not disclosing Healthcare's free cash flow, I think you can probably come to a pretty reasonable conclusion there about what that is."
51,NEUTRAL,0.039132896810770035,0.09025753289461136,0.7147369384765625,0.155872642993927,1.7000000476837158,-0.20000000298023224,negative,-0.294757,51,0.7842810750007629,negative,"Okay. I think we were targeting break even in capital this year and we ended up losing money. I'm just wondering, what is -- what actually changed in the mix from Jamie, when you originally thought would be break even to the loss? And also in your cash walk on the fourth quarter cash walk, the Baker Hughes free cash flow is a positive $800 million. It looks like Baker actually generated positive free cash flow in the fourth quarter. So why would that be a positive? Why isn't that a negative drawing it out, it's just a technical question, I guess."
52,NEUTRAL,0.04393450543284416,0.1746494472026825,0.6902552247047424,0.09116079658269882,0.30000001192092896,0.0,positive,0.594761,52,0.5,neutral,"Well, first on GE Capital. We had the LRT results in the fourth quarter so that was $65 million. We actually had tax benefits of less than we expected as well. That impacted us by about $240 million. And then we had some other marks in the portfolio in the second half. So that was really the large difference between what we had expected and where we ended up. And then with respect to Baker Hughes. We are backing out free cash flow. So that might be a labeling issue on the slide there. It's less Baker Hughes free cash flow. If you back it out and you have the dividend."
53,NEUTRAL,0.0016902894712984562,0.015790602192282677,0.9677765965461731,0.014742594212293625,0.0,0.0,positive,0.47644,53,0.5,neutral,"And from Goldman Sachs, we have Joe Ritchie. Please go ahead."
54,NEUTRAL,0.004981724079698324,0.008717181161046028,0.927240252494812,0.05906079337000847,1.2000000476837158,0.10000000149011612,positive,0.811196,54,0.5,positive,"We announced this week that we will be delayering the headquarter levels at Renewable Energy. And yesterday announced that we are bringing GE's grid, solar and storage assets into that business creating an end-to-end offering from renewables customers as the demand for renewable power generation and grid integration continues to grow globally. We're strengthening our senior team. We've brought in fresh eyes that are already having an impact."
55,NEUTRAL,0.3029992878437042,0.04310678690671921,0.3613812029361725,0.29251277446746826,2.200000047683716,0.5,positive,0.371062,55,0.8938033580780029,neutral,"Good morning, guys. And so just I know, you're a little reluctant to answer much on the 2019 guide. But I could just may be ask on just Power free cash flow, the $2.7 billion burn this year. Do you expect '19 to be better than 2018 from a Power free cash flow perspective?"
56,NEUTRAL,0.10435844212770462,0.22078564763069153,0.4942045211791992,0.18065141141414642,3.0999999046325684,0.6000000238418579,positive,0.68862,56,0.8666080236434937,neutral,"I think we're at a place, where we're sharing with you today everything that we know, everything we can commit to. And again, we'll be back with more detail particularly with respect to Power and cash soon. But we're just, we're not in a position where we're able to do that. But clearly, again, hopefully the color around the $2.7 billion that we burned last year is helpful. With respect to framing the magnitude of the task and the challenge, when we understand and are serious about addressing."
57,MIXED,0.48298609256744385,0.16330642998218536,0.21033328771591187,0.14337417483329773,2.799999952316284,0.20000000298023224,positive,0.341903,57,0.9308995008468628,neutral,"Getting the disclosure on the $2.7 billion definitely helpful and will hopefully get some more color on the path in the near term. But I guess, if I can maybe focus then on just the onetime issues that occurred in the second half of 2018. Specifically, around the blade issue. Is it fair to say that those issues are at least behind you? And how should we think about what the call it roughly, it sounds like it was like roughly $700 million or so in quantifiable charges there. What does that relate to? Does that relate to all orders that you received so far in each turbine. Just any color on that would be helpful?"
58,NEGATIVE,0.2694765329360962,0.38040921092033386,0.206743061542511,0.14337116479873657,2.5999999046325684,0.0,positive,0.35059,58,0.13959327340126038,neutral,"Yes. Well the -- when we talk about the cost for the blade issue, it's really a function of going out and effectively replacing these blades sooner than we were anticipating, right? Because the useful life is effectively shorter than we had anticipated unfortunately. But we think we understand that. That work is under way with respect to the installed base. And again, I think it's regrettable. I think our customers when you talk to them understand, what's happened how we're going about remediating the issue in the field and I'd like to think that that is not something, we're going to continue to site with respect to the margin pressure in the business here in '19."
59,NEGATIVE,0.022299252450466156,0.7903250455856323,0.1767183095216751,0.010657393373548985,0.4000000059604645,0.0,positive,0.56778,59,0.8346664905548096,neutral,"Yeah. And just walking back from third quarter and maybe updating today. So third quarter, we had $240 million of warranty and other accruals related to the stage one blade. We also mentioned that that we expected to experience a similar amount of that over time as the worked outperformed in our services book. So part of what I mentioned earlier on those charges includes that stage one blade issue started to come through the services updates."
60,NEUTRAL,0.00563005730509758,0.026445182040333748,0.9436776041984558,0.02424720488488674,0.20000000298023224,0.20000000298023224,neutral,0.0,60,0.7950330376625061,neutral,But there are host of elements of that
61,NEUTRAL,0.028489507734775543,0.4222123920917511,0.4735278785228729,0.07577018439769745,0.0,0.0,neutral,0.0,61,0.8402673006057739,neutral,That update not just the very.
62,NEUTRAL,0.000259587774053216,2.59580701822415e-05,0.8920489549636841,0.10766550898551941,2.299999952316284,0.699999988079071,positive,0.954646,62,0.5,positive,"We're combining new perspectives from strong external talent, proven GE leaders with domain expertise and entrepreneurial spirit, next-gen thinkers as well as leaders with deep customer relationships. From a governance perspective, Paula Reynolds joined our Board of Directors bringing extensive experience in both the Energy and Insurance industries. The majority of our Directors now are new since 2017 and I'm finding the Board deeply engaged in all matters of our business"
63,NEUTRAL,0.002369215013459325,0.01857100985944271,0.9676493406295776,0.01141045056283474,0.10000000149011612,0.0,positive,0.498792,63,0.5,neutral,"And our final question from Cowen and Company, we have Gautam Khanna. Please go ahead."
64,POSITIVE,0.011336964555084705,0.00882833544164896,0.18674516677856445,0.7930895686149597,1.0,0.30000001192092896,positive,0.847961,64,0.9902711510658264,neutral,"Yes. Thank you. Good morning, guys."
65,NEUTRAL,0.002645112806931138,0.009292279370129108,0.9805804491043091,0.007482198998332024,0.4000000059604645,0.0,negative,-0.649881,65,0.8077048659324646,neutral,"Two questions. First, I was wondering, if you have any changes being contemplated to the incentive comp triggers for senior management as we approach the whole proxy time frame? Any changes to the PSU triggers that you're thinking about now?"
66,NEUTRAL,0.02201159857213497,0.1174863651394844,0.5844628810882568,0.276039183139801,0.10000000149011612,-0.10000000149011612,negative,-0.314041,66,0.8611249923706055,neutral,Nothing that we can reference this morning.
67,NEUTRAL,0.006695610471069813,0.019876748323440552,0.9652880430221558,0.008139539510011673,0.5,0.10000000149011612,positive,0.517572,67,0.8678860068321228,neutral,"Okay. And I was wondering, if you could talk about when you expect pricing to bottom and the transactional Power aftermarket? Or if it has already in your opinion? And how will that pricing now compares to maybe where it was a year ago?"
68,NEUTRAL,0.07048238813877106,0.08384780585765839,0.5340455770492554,0.3116241991519928,0.699999988079071,0.10000000149011612,positive,0.728667,68,0.5,neutral,"I think that's a question that depends on geography and it depends on the scope and the kinds of work, we're really looking to do with our customers. Over the last year, as we've talked about before as Scott has come in. He has really refocused our transactional group, to focus more on in some cases less scope but higher margin work as we do it. You know, it's a competitive market but even having said that that as we have our orders come in, we're seeing order CM or margin rate up in some cases 10, 12, 15 points on our order book and it's been consistently increasing throughout the year."
69,POSITIVE,0.1946871280670166,0.10897006839513779,0.22930221259593964,0.46704062819480896,2.799999952316284,0.10000000149011612,positive,0.709501,69,0.7714964151382446,neutral,"Now as Larry mentioned earlier on the call, we're not yet seeing all of that drop through primarily because of field execution issues and operational issues. But these are things that we believe are fixable. And over time as we really seek to increase our share in that book, it really capture the kind of work that we want to capture the higher margin work, the operational execution piece of that we think should flow through. But with the respect to the margin pressure generally, I should say pricing pressure, these are very competitive markets that have a lot of capacity. So I think that dynamic will continue as we go through the next couple of years and until the market levels out and until we see the capacity leveling out as well."
70,POSITIVE,0.016709184274077415,0.00370862171985209,0.21564981341362,0.7639323472976685,0.800000011920929,0.10000000149011612,positive,0.797659,70,0.7990074157714844,neutral,"I know, we ran out of time before we could get to everyone in the queue. So you can reach me and my team through the day. But I want to thank everybody for joining us. The replay of today's call will be available this afternoon on our Investor website. Thank you."
71,NEUTRAL,0.0011759925400838256,0.00030691787833347917,0.9600556492805481,0.038461506366729736,2.0999999046325684,0.5,positive,0.873433,71,0.8249341249465942,positive,"Our audit committee also announced that they will move forward with the tender process for the appointment of GE's independent audit firm. And finally, we announced our plan to combine the digital businesses into an independently operated IoT Software business with employee equity a separate Board and the ability to raise capital and operate like a start-up. We're on the precipice of something great. We're getting a 100 years of domain and hardware expertise and growing out of our digital DNA over the last several decades."
72,POSITIVE,0.001841217395849526,0.000530083489138633,0.05574455112218857,0.9418841600418091,0.20000000298023224,0.0,positive,0.67792,72,0.9825260043144226,neutral,"Thank you. Ladies and gentlemen, this concludes today's conference. Thank you for joining. You may now disconnect."
73,NEUTRAL,0.01667749509215355,0.007047015707939863,0.9233555197715759,0.052919913083314896,2.799999952316284,0.10000000149011612,positive,0.605563,73,0.9285975098609924,neutral,"As my friend, Jim Collins of ""good-to-great"" fame might say, it's a start. But we have much more work to do. So let me now share with you, how I've talked with our team about how we will do it. Number one, is managing first and foremost for operational performance. Preparing for the earnings call, my first month on the job showed me that we often start with corporate and bring in the business leaders including the CEO later. We turned that around this quarter holding operating reviews first and then preparing for this call. Those reviews were tightly focused on the how we can do and how do we get better, more so than how do we explain what just happened. Let me give you an example."
74,POSITIVE,0.0017830668948590755,0.0003182556538376957,0.30167192220687866,0.6962267160415649,0.699999988079071,0.20000000298023224,positive,0.880555,74,0.9805588722229004,neutral,"Thanks, Brandon and good morning and welcome to GE's Fourth Quarter Earnings Webcast. I'm joined by our Chairman and CEO Larry Culp; and CFO, Jamie Miller. Before we start, I'd like to remind you that the press release, presentation and supplemental have been available since earlier today on our investor website at www.ge.com\/investors."
75,NEUTRAL,0.010436225682497025,0.022710518911480904,0.7237212657928467,0.24313196539878845,0.8999999761581421,0.10000000149011612,positive,0.992897,75,0.7904646396636963,positive,"Previous P&L reviews focused on revenue, contribution margin and base cost and then, of course, operating profit. The same high-level framing I saw on the Board room. No more. We now get into much more operating detail, volume, price, mix, material and labor productivity overhead and operating expenses like R&D sales and marketing and G&A, all of which are critical to understanding and then improving the business."
76,NEGATIVE,0.060084495693445206,0.3584546446800232,0.28100186586380005,0.30045899748802185,1.0,0.20000000298023224,positive,0.601123,76,0.5,neutral,"The second is a focus on putting our customer at the center of all we do. Over the past few months, I've spent time with our customers in China, the Middle East, Europe and here in the US. I've learned that what they value is not always aligned with how we measure our own performance."
77,NEUTRAL,0.16047701239585876,0.17507506906986237,0.3577396273612976,0.30670836567878723,1.100000023841858,0.0,positive,0.736514,77,0.2531828284263611,neutral,"Take quality. When I ask about quality internally, I often hear about our cost of quality, which measures our issues rather than how the customer experiences us. We're shifting our perspectives so that we understand and measure ourselves the way customers do and work backwards from there. The third area is having fewer and more impactful priorities. GE has ambition like no other company I've ever seen and that's mostly a good thing but we need to focus our attention to more of the things that matter most, so we can move them the furthest."
78,NEUTRAL,0.002576226368546486,0.0029331007972359657,0.937931478023529,0.056559205055236816,1.600000023841858,0.10000000149011612,positive,0.637808,78,0.5,neutral,"At a company level, we've committed to the two priorities I mentioned earlier: Deleveraging the balance sheet and strengthening the businesses starting with Power. I'd now like to address some of the areas of importance that are high on my priority list. First, our high-level financial results. We ended the year with adjusted EPS of $0.65. GAAP EPS of negative $2.43 and industrial free cash flow of $4.5 billion. Our backlog stands at $391 billion up 5% year-on-year with equipment at $89 billion up 4%; and service at $302 billion up 5%."
79,NEUTRAL,0.005409792996942997,0.006807447876781225,0.6017178893089294,0.3860648572444916,0.699999988079071,0.10000000149011612,positive,0.68189,79,0.7698734402656555,neutral,"For the fourth quarter, our industrial free cash flow was $4.9 billion. While cash flow was negatively impacted by the weakness in Power, we were encouraged by the strong cash generation in the other businesses. We delivered adjusted EPS of $0.17 and GAAP EPS of $0.08. Jamie will take you through all this in more detail in a moment."
80,NEUTRAL,0.0013893676223233342,0.003205474466085434,0.9924308657646179,0.0029742855112999678,0.800000011920929,0.10000000149011612,positive,0.36899,80,0.7176162004470825,neutral,"Next to the balance sheet. As I've stated already, we are reducing our debt levels both at Industrial and GE Capital. We know full well that our shareholders own all debt obligations across GE but these are two distinct sets of businesses with different financing needs and different capital structures and therefore we analyze their leverage separately. In industrial, we are targeting a net debt-to-EBITDA ratio of less than 2.5x over the next few years."
81,NEUTRAL,0.018154194578528404,0.01020572055131197,0.7938474416732788,0.17779269814491272,1.5,0.0,positive,0.658516,81,0.5,neutral,"Our Healthcare, transportation and BHGE separations can provide sources of roughly $50 billion toward that goal. Our Healthcare team continues to prepare for public company separation and that is progressing very well. We expect to monetize up to just under 50% of our Healthcare business. I talked earlier to the GE Transportation merger with Wabtec and the amended terms to increase our cash proceeds and we will sell down our remaining 50% ownership in BHGE in an orderly manner over time building on the actions, we took in November."
82,NEUTRAL,0.0037795088719576597,0.006384548265486956,0.9488848447799683,0.04095109924674034,0.30000001192092896,0.0,positive,0.562226,82,0.5,positive,"Overall our liquidity position remains strong with $16.8 billion of industrial cash and funding lines of $40 billion. Now on capital, we are targeting a debt-to-equity ratio of less than 4x by 2020. In 2018, we paid down capital's external debt balance by $21 billion and we executed $15 billion in asset sales at book more than half of our $25 billion asset disposition program. Capital ended the year with a $124 billion of assets including $15 billion of liquidity in line with our goal to materially shrink this business."
83,NEUTRAL,0.006975769996643066,0.00836532935500145,0.9630217552185059,0.02163718082010746,1.2000000476837158,0.10000000149011612,positive,0.36208,83,0.8583972454071045,neutral,"To be clear, we have no plans to sell GECAS. We expect to contribute approximately $4 billion of parent support in 2019. We've listened to you on the insurance front and we're preparing increased disclosures in line with peers, which will be available with our 10-K release. Jamie will cover some of that detail shortly. And then finally on Power. Let me share with you the root causes of our underperformance as I see them today and the actions we're taking to address each one."
84,NEUTRAL,0.00582479452714324,0.000912953750230372,0.9356276988983154,0.057634517550468445,0.800000011920929,0.20000000298023224,positive,0.597611,84,0.5,negative,"First as I said, last quarter we were late to embrace the realities of the secular and cyclical pressures in the business. Recent data suggests that the market for new generating capacity is settling in to the 25 to 30 gigawatts range for the foreseeable future. We continue to believe gas will play an important role in global electrification but we have to resize our cost structure, our capital expenses and our supply chains to this new reality now."
85,NEUTRAL,0.003723395522683859,0.0008173070382326841,0.6455880999565125,0.3498711585998535,1.2000000476837158,0.6000000238418579,positive,0.953289,85,0.824955940246582,neutral,"Please note that some of the statements we are making today are forward looking and are based on our best view of the world and our businesses as we see them today. As described in our SEC filings and on our website, those elements can change as the world changes."
86,NEUTRAL,0.014674595557153225,0.10560954362154007,0.8627421259880066,0.016973750665783882,1.600000023841858,0.0,positive,0.32826,86,0.5,neutral,"As a result last year, we reduced headcount by 10,000 or 15% in the business, consolidated our footprint by 30% and took out $900 million of base cost exiting at a $1 billion lower run rate. Embracing market reality means a more appropriate revenue outlook, one that is further grounded in the reality of our $92 billion backlog rather than in the hope of new orders not yet won. Second Power faces a number of nonoperational headwinds and we expect a high water mark in this regard this year. These include legal settlements and legacy project erosion principally driven by the Alstom acquisition. There's also the runoff of the effects of past long-term receivables factoring and other programs."
87,NEUTRAL,0.046681907027959824,0.41071203351020813,0.5174509882926941,0.02515510842204094,1.600000023841858,0.30000001192092896,positive,0.687204,87,0.9200059175491333,neutral,"Over the next few years, these effects should come down substantially. Third, we need to execute better. Running Power better means improved daily management in how we sell make and service our products. Let me give you a few examples. We had separate teams of managers commissioning new plants owning a warranty period and overseeing the services contracts after the warranty."
88,NEUTRAL,0.02128736488521099,0.013112151995301247,0.7872316241264343,0.17836883664131165,1.600000023841858,0.20000000298023224,positive,0.763736,88,0.706352710723877,positive,"Now, we present one face to the customer, who is accountable for the best long-term economic answer both for the customer and GE. We put the sales organization under one leader with deep domain expertise and are coordinating better on contract negotiations. We now have more experienced people, owning negotiations and responsible for project cost. We performed risk assessments of our existing 400 equipment contracts to identify cost and execution risks. We also performed a similar assessment on the 750 CSA contracts to identify price and utilization risk."
89,POSITIVE,0.08784232288599014,0.003926527686417103,0.08292835205793381,0.82530277967453,1.5,0.5,positive,0.718678,89,0.886552095413208,positive,"We have overhauled our commercial underwriting processes to set more realistic commitments and returns from the start. This is hard work but I'm encouraged by the Power's team's dedication to proactively address these issues at their root cause. Fixing Power will take time and in turn will take time for the changes, we're making to our daily operations to be reflected in our financial results but we are improving and I'm confident that those changes will come."
90,POSITIVE,0.004302809480577707,0.0003651546430774033,0.3986299932003021,0.5967021584510803,1.2999999523162842,0.0,positive,0.505564,90,0.708411455154419,positive,"As I've met with customers around the world, I'm really been struck by their sentiment. They're rooting for us. They want us to succeed and they want to know how they can help. So in summary, we're taking action, taking action on the priorities we laid out to you, deleveraging our balance sheet and strengthening our businesses starting with Power."
91,NEUTRAL,0.011561925522983074,0.023665545508265495,0.5457231402397156,0.41904935240745544,0.6000000238418579,0.6000000238418579,neutral,0.0,91,0.8723127841949463,neutral,Jamie will now take you through the detailed financial results.
92,NEUTRAL,0.005267744418233633,0.011290733702480793,0.5623577833175659,0.4210837483406067,1.399999976158142,-0.10000000149011612,positive,0.857825,92,0.8336198329925537,neutral,"Thanks. Larry. I'll start with the fourth quarter summary. Orders were $34.1 billion down 1% reported and up 4% organically with particular strength in equipment orders up 7% organically driven by aviation commercial engines and renewables. The services orders were up 1% organically. Revenues were up 5%, industrial segment revenues were up 2% reported and 8% organically driven by renewables Aviation Oil & Gas Healthcare and Transportation."
93,NEUTRAL,0.0008341930224560201,0.0013877697056159377,0.9841264486312866,0.013651538640260696,2.0999999046325684,0.0,positive,0.551181,93,0.5,neutral,"Equipment revenues grew 10% and services were up 6% organically. Industrial profit margins were 7.5% in the quarter down 150 basis points year-over-year on a reported and organic basis driven by significant declines in Power and Renewables. For the year, margins were down 80 basis points organically. Industrial profit was down 16% in the quarter with Aviation, Healthcare and Baker Hughes GE all delivering strong profit growth offset mostly by Power. Specifically Aviation had another outstanding quarter and year expanding total year margins while shipping over 1,100 LEAP engines. Net earnings per share was $0.07, which includes losses from discontinued operations related to GE Capital. GAAP continuing EPS was $0.08 and adjusted EPS was $0.17."
94,NEUTRAL,0.0035293102264404297,0.021191881969571114,0.9701199531555176,0.005158856511116028,1.2999999523162842,0.0,positive,0.358464,94,0.5,neutral,"I'll walk the GAAP continuing EPS to adjusted EPS on the right side of the page. Starting from GAAP. Continuing EPS was $0.08 and we had $0.06 of gains principally from the sale of Distributed Power. As you will recall in the third quarter, we booked the $22 billion impairment charge related to Power goodwill based on our best estimate at that time. And during the fourth quarter, we finalized our analysis and booked an incremental $69 million charge for Power following the third quarter charge. We also recorded a goodwill impairment charge of $94 million in renewables at our Hydro business. Combined these charges were $0.02 impact. On restructuring and other items, we incurred $0.07 of charges principally at Corporate and Power as we continue to resize those segments in line with our stated plan including $0.02 of charges related to business development transaction expenses and $0.01 for our share of Baker Hughes GE's restructuring."
95,NEUTRAL,0.01382371410727501,0.3661055266857147,0.6149393916130066,0.005131375044584274,0.5,0.0,negative,-0.573942,95,0.20650196075439453,neutral,"Lastly, we realized a $0.01 negative impact from US tax reform as we updated our estimate of the transition tax and other aspects of the enactment of the new law. Our current accrual reflects the effects of tax reform enactment based on guidance issued through year-end. Excluding these items adjusted EPS was $0.17 in the quarter."
96,NEUTRAL,0.016904357820749283,0.27670231461524963,0.6608938574790955,0.04549951106309891,0.0,0.0,neutral,0.0,96,0.7498986721038818,neutral,"And now, I'll turn the call over to Larry"
97,NEUTRAL,0.0012616395251825452,0.006132860668003559,0.9670287370681763,0.025576811283826828,0.10000000149011612,0.0,positive,0.598259,97,0.5,neutral,"Moving to cash, adjusted industrial free cash flow was $4.9 billion for the quarter, $1.9 billion lower than the prior year driven primarily by a lower progress collections. Income depreciation and amortization totaled $2.3 billion. Working capital was positive $2.3 billion for the quarter as we reduced over $1 billion of inventory on a higher fourth quarter volume and grew progress collections by $500 million primarily in renewables from strong PTC-driven orders."
98,NEUTRAL,0.005138414911925793,0.011039858683943748,0.9691248536109924,0.014696884900331497,0.699999988079071,0.0,positive,0.850168,98,0.5,neutral,"Contract assets were a source of cash of $900 million as we saw higher services billings in aviation driven by higher fleet utilization and spare parts consumption from strong air traffic and we spent about $1 billion in gross CapEx or $600 million ex-Baker Hughes GE. For the year, we generated $4.5 billion of adjusted industrial free cash flow and we ended the year with higher volume in the fourth quarter as is typical for our businesses. And to provide you with more detail, Power used $2.7 billion in free cash flow for the year due to a combination of restructuring costs, nonoperational headwinds as well as execution and market issues."
99,NEUTRAL,0.000862479442730546,0.0019868994131684303,0.9871129393577576,0.010037804022431374,1.2999999523162842,0.10000000149011612,negative,-0.29354,99,0.5,neutral,"Next, I'll cover liquidity. On the left side of the page, you can see the walk of the GE cash balance. We ended the fourth quarter with $16.8 billion of industrial cash in the bank excluding Baker Hughes GE. And for the total year, we had industrial free cash flow of $4.5 billion. We paid dividends of $4.2 billion and as of the first quarter of 2019, you'll recall that the dividend is decreasing to $0.01 per share per quarter, which will preserve about $4 billion of cash in 2019. We generated cash proceeds of $5.9 billion net of taxes related to our industrial disposition principally Industrial Solutions, Value-Based Care and Dis Power. And together with Wabtec that gets to the more than $10 billion we had talked about previously."
100,NEUTRAL,0.0008625446353107691,0.0005422654212452471,0.986659049987793,0.011936184018850327,0.30000001192092896,0.0,positive,0.539256,100,0.5,neutral,"Earlier in the year, we assumed $6 billion of debt from GE Capital to fund the principal pension plan, which was completed in the third quarter. Alstom and GE exercised their JV redemption rights and call options, which we settled for $3.1 billion in the fourth quarter. These entities operate at a loss. So the consolidation of 100% of the financials negatively impacted fourth quarter and will be an income headwind for us of about $300 million in 2019. We also completed a secondary offering for approximately 100 million Baker Hughes GE shares as well as a direct stock buyback with Baker Hughes GE for 65 million shares bringing our ownership stake to 50.4% in the fourth quarter."
101,NEUTRAL,0.0006367661408148706,0.0007313531241379678,0.9905675053596497,0.008064458146691322,0.4000000059604645,0.0,negative,-0.44759,101,0.5,neutral,"These actions combined with other Baker Hughes GE buybacks during the year totaled $4.4 billion in cash proceeds. The $2.5 billion of other cash includes a number of items including about $900 million of investments in our Aviation business primarily from the first half of the year; $900 million of short data derivative hedge settlements that we used to mitigate risks across the portfolio; and $400 million of FX translation on our non-US dollar-denominated cash. Running with a higher cash balance will help us address inter-quarter funding needs. In line with our goal to reduce reliance on short-term funding, peak short-term funding needs declined from $19.7 billion in the fourth quarter of '17 to $14.8 billion in the fourth quarter of '18. These were funded with commercial paper and some utilization of our credit facilities."
102,NEUTRAL,0.01381638739258051,0.09155527502298355,0.8798040747642517,0.01482425443828106,1.2000000476837158,-0.20000000298023224,positive,0.372037,102,0.785094141960144,neutral,"As we execute dispositions in 2019, we expect our intra-quarter funding needs to continue to decline and would expect to use a mix of commercial paper, credit facilities and excess cash at GE Capital to efficiently fund these needs. At the end of the year, commercial paper outstanding was $3 billion and we had access to $40 billion of committed revolving credit facilities with zero drawn. These lines are available to draw at any time and they don't have financial covenants ratings triggers or material adverse change clauses. As you know, our credit rating was downgraded from A to BBB+ with a stable outlook in early fourth quarter."
103,NEUTRAL,0.017117073759436607,0.05373785272240639,0.5516356825828552,0.37750938534736633,1.2999999523162842,0.6000000238418579,positive,0.77295,103,0.8229788541793823,positive,This impact has been manageable with less than $15 million of collateral postings and a smooth transition to a Tier two commercial paper program. We continue to target a sustainable rating in the single A range.
104,NEUTRAL,0.011205494403839111,0.040358252823352814,0.9174259305000305,0.0310103427618742,0.5,0.10000000149011612,positive,0.930456,104,0.5,neutral,"Now, I'll take you through financial policy and leverage. We remain committed to our financial policy of a target single A rating a leverage level of less than 2.5x net debt-to-EBITDA and ultimately a dividend level in line with our peers. Deleveraging both GE and GE Capital is a priority and we have significant sources to achieve our goals."
105,NEUTRAL,0.00195897975936532,0.006588454358279705,0.9868653416633606,0.004587240517139435,1.2000000476837158,0.0,positive,0.732993,105,0.5,neutral,"As Larry mentioned, we view these businesses differently with different balance sheets and capital structure needs and therefore we analyze their leverage separately. Our goal is leverage for the GE industrial businesses of less than 2.5x net debt-to-EBITDA. We plan to make significant progress toward this goal by the end of 2020 and as a reminder when we speak about net debt, we're talking about debt adjusted for pensions, operating leases and a portion of preferred stock and cash. Measured on this basis, GE Industrial net debt at the end of 2018 was $55 billion. As we look out over the next couple of years, we expect to have roughly $50 billion of industrial sources that can be used to delever and derisk the company."
106,NEUTRAL,0.0005975493113510311,0.001854522037319839,0.9921445250511169,0.005403355695307255,0.800000011920929,0.20000000298023224,positive,0.366216,106,0.5,neutral,"These sources include $18 billion of debt and pension transfer to Healthcare and more than $30 billion of cash proceeds from the monetization of up to just under 50% of Healthcare, 100% of our remaining stake in Baker Hughes GE and our stake in transportation. These sources will be used in part to reduce GE net debt by more than $30 billion including repaying a significant part of the $14 billion of debt transferred from GE Capital and reducing commercial paper. The parent also plans to contribute $4 billion to GE Capital in 2019 to maintain adequate capital levels there."
107,POSITIVE,0.010136116296052933,0.0009293446782976389,0.032289084047079086,0.9566454887390137,1.7999999523162842,0.30000001192092896,positive,0.850653,107,0.9805533289909363,neutral,"Thank you, Steve. Good morning, everyone. And thank you for joining us. Our comments are going to be a bit longer than usual this morning to help you understand where we are and where we're going. But rest assured, we'll leave as much time as we can for questions at the end."
108,NEUTRAL,0.0013329763896763325,0.007707131095230579,0.9895949959754944,0.0013649177271872759,0.6000000238418579,-0.10000000149011612,negative,-0.566296,108,0.5,positive,"At GE Capital, we have a plan to reduce our debt to equity ratio to less than 4x by the end of 2020. GE Capital began the quarter with $70 billion of debt and ended with $66 billion while our total assets measure $124 billion. For the year, we made significant progress at GE Capital paying down $21 billion of external debt, taking down leverage by 1.4 turns including reducing commercial paper from $5 billion to zero."
109,NEUTRAL,0.002069392940029502,0.0059013222344219685,0.9906116127967834,0.001417693099938333,0.30000001192092896,0.0,positive,0.448519,109,0.5,neutral,"GE Capital ended 2018 with $15 billion of liquidity. Over the next two years, we expect to generate additional sources of cash from asset sales, including $10 billion in 2019 from completing our GE Capital $25 billion asset reduction plan. We'll have cash from the pay down of most of the debt transferred to GE and capital support from GE. We have reached an agreement in principle on WMC that we expect to conclude expeditiously. And in 2019 and 2020, GE Capital will pay down $25 billion of scheduled debt maturities and continue to contribute about $2 billion per year of capital to our insurance businesses as previously disclosed. We now don't expect to issue new debt until 2021."
110,NEUTRAL,0.0009642611257731915,4.504970274865627e-05,0.9334632158279419,0.06552751362323761,0.5,0.0,positive,0.834997,110,0.5,neutral,"We are planning approximately $4 billion of capital contributions to GE Capital in 2019. This includes $1.5 billion for the WMC agreement in principal announced today and ensuring we have adequate risk-based capital levels for our current portfolio. Going forward, we anticipate funding any insurance capital requirements or strategic options through a combination of GE Capital earnings, asset sales, liquidity and GE parent support. While we have more work to do, we continue to make progress in strengthening the balance sheet."
111,NEUTRAL,0.015815844759345055,0.10948626697063446,0.8533225655555725,0.021375339478254318,2.700000047683716,0.0,negative,-0.479538,111,0.5,negative,"Next on Power. Orders were down 19% in the quarter. Gas Power Systems orders were down 26%. For the year, Gas Power Systems orders were down 40%. We ended the year with a $9 billion backlog, which was down 8% year-over-year. This is consistent with our outlook for a 25 to 30 gigawatt market for the foreseeable future. Power Services orders were down 20%. Steam orders were up 61% and grid orders were down 13% for the year. Power revenue was down 25%. Gas Power Systems revenues were down 21%. Power Services revenue was also down 21%. During the quarter, we took $400 million of charges related to our CSA contracts, which impacts revenue. Excluding these charges Power Services revenue was down 11%. Steam revenue was down 30% on lower America's and Europe volume and grid was flat."
112,NEUTRAL,0.00668833963572979,0.02320285327732563,0.8841955661773682,0.08591324090957642,0.20000000298023224,0.0,positive,0.713062,112,0.7599501609802246,negative,"Moving to profit. The segment loss $872 million in the fourth quarter. We performed our normal CSA reviews and while total utilization on the book is flat, we have seen lower utilization on some of our units in some geographies and some pricing pressure in contracts relative to ongoing market dynamics and we updated our assumptions to reflect a revised outlook in these areas."
113,NEUTRAL,0.048717230558395386,0.45895764231681824,0.48611581325531006,0.006209290586411953,1.2999999523162842,0.0,positive,0.38557,113,0.25559231638908386,neutral,"In addition, we had our normal cost standard updates, which included updates to our cost standards including the impact of the stage-one blade issue as expected. This resulted in the $400 million of charges that I previously mentioned. In addition, we also incurred about $350 million of costs related to Gas Power Systems projects. Similar to the third quarter, we continue to experience project execution issues resulting in liquidated damages as well as partner execution issues. Grid profit was down year-over-year impacted negatively by the buyout of the Alstom share of the JV."
114,NEUTRAL,0.009179199114441872,0.009178328327834606,0.5679267048835754,0.41371577978134155,2.4000000953674316,0.20000000298023224,positive,0.806666,114,0.5,neutral,"These items had a significant impact on Power's results and overall, we see the heavy duty gas turbine market is flat over the next few years and see significant opportunity to improve our own execution. Next on Aviation, which had another great quarter. Orders of $8.8 billion were up 12%. Equipment orders grew 20%, driven by continued strong momentum of the LEAP engine program up 56% versus prior year. Military engine orders were up 69% driven by the F414 and service orders grew 7%. Revenues of $8.5 billion grew 21%. Equipment revenues were up 13% on higher commercial engine partially offset by lower military volume."
115,NEUTRAL,0.0005459365784190595,0.0003160808118991554,0.9754753708839417,0.02366258203983307,1.2999999523162842,0.10000000149011612,positive,0.772636,115,0.5,neutral,"Specifically, we shipped 379 LEAP engines this quarter up 177 units year-over-year. And in total, we shipped 1,118 LEAP engines for the year. We're still behind on deliveries by about four weeks but the business expects to be back on schedule by mid-2019. Services revenue grew 26% with spares rate up 10% driven by higher fleet utilization and spare parts consumption from strong air traffic. Segment profit of $1.7 billion was up 24% on higher volumes, improved price and operating productivity and compared to the fourth quarter of last year, we shipped almost 90% more LEAP engines."
116,NEUTRAL,0.04166540130972862,0.019403446465730667,0.784024715423584,0.15490640699863434,1.899999976158142,0.0,positive,0.806079,116,0.5,positive,"Despite the negative mix from higher LEAP shipments operating profit margins of 20.4% expanded 60 basis points in the quarter and 130 basis points for the year. The LEAP engine continues to perform very well with a 58% win rate on the A320neo family and 81% win rate in the narrow-body segment when you add in Boeing 737 MAX and Comac C919. Utilization rates are over 95%. We continue to improve the cost position of the LEAP and over the last two years, we've taken out more than 40% of the cost of the engine and are ahead on the learning curve initially laid out for the program. The overall program will break even around 2021."
117,NEUTRAL,0.008934861980378628,0.013034249655902386,0.8738372921943665,0.10419362783432007,2.0,-0.10000000149011612,positive,0.925337,117,0.5,positive,"Now, I'll provide some additional transparency on the engine transition in the narrow-body market. The mixing from CFM56 to LEAP resulted in a margin drag of approximately 160 basis points in 2018 and 130 basis points in the quarter. The business is successfully offsetting this margin pressure through continued growth in aftermarket services, military and changing the mix of company-funded R&D spend. In summary, another strong year for David and the aviation team. In renewables, renewables orders were up 19% versus prior year driven by onshore equipment up 9% and services up 32% on strong repower units."
118,NEUTRAL,0.007604212500154972,0.0030556595884263515,0.8106261491775513,0.17871396243572235,2.4000000953674316,0.20000000298023224,positive,0.70147,118,0.9092883467674255,positive,"First, I'd like to start by welcoming Steve to the GE team. I've known him for over a decade. Steve's already had positive impact here at GE and I'm sure, he'll do the same for you, our investors going forward. I'm here today because I believe in GE. There is no company on earth with a scale of GE's global reach, brand, talent and long-term customer relationships. We have leading technology in key infrastructure markets with high barriers to entry and strong aftermarket streams. We're poised to capture recurring revenues on a global installed base of almost 70,000 engines more than 70 -- 7,000 gas turbines and aero-derivatives, more than 40,000 onshore wind turbines and more than 4 million Healthcare Systems. In short, GE matters. We've identified clear opportunities to improve our performance and we are working to address them at root cause."
119,NEUTRAL,0.009940462186932564,0.022309502586722374,0.9183050394058228,0.049445051699876785,1.2000000476837158,-0.30000001192092896,positive,0.345362,119,0.5,neutral,"We shipped 44% more megawatts and onshore wind and saw strong orders bookings 3 gigawatts in the fourth quarter and 8.6 gigawatts for the year and we gained share. Revenues of $3.4 billion were up 28% mainly driven by onshore wind up 34% on both higher new unit shipments and repowering volume. Segment margin of 2% was down 330 basis points for the quarter and profit of $67 million was down 51% mainly driven by negative price, liquidated damages for execution delays on a handful of complicated projects including some legacy Alstom projects and higher losses in hydro and offshore as we began fully consolidating these entities in the fourth quarter."
120,NEUTRAL,0.016395965591073036,0.021363843232393265,0.8594915866851807,0.10274861752986908,1.2000000476837158,0.20000000298023224,positive,0.401581,120,0.11276257038116455,positive,"The consolidation presented a headwind of about 220 basis points. Recall that we had to book loss reserves at the time of the Alstom deal and we continue to burn through the negative cash flow impact of those projects. The business has seen favorable cash tailwinds from the PTC cycle, pricing is improving and we continue to see strong product cost reduction and while we're seeing some adverse impacts from tariffs, we're working to mitigate them with pricing and supply chain actions."
121,NEUTRAL,0.011490208096802235,0.2890215218067169,0.6798688769340515,0.019619405269622803,0.30000001192092896,0.0,positive,0.324616,121,0.5,neutral,"For Healthcare, orders of $5.8 billion were up 2% organically. On a product line basis, Life Sciences orders were up 13% organically with bioprocess up 20%. Healthcare Systems orders were down 1% organically, which was about what we expected as we were comping a very strong fourth quarter in 2017."
122,NEUTRAL,0.0020505280699580908,0.008040078915655613,0.9726548194885254,0.017254576086997986,2.200000047683716,-0.10000000149011612,positive,0.979422,122,0.5,positive,"Revenue of $5.4 billion was up 6% organically. Healthcare Systems revenue grew 4% organically and Life Sciences was up 10%. Segment margin was 21.8% expanding 10 basis points reported and 110 basis points organically, which excluded costs incurred in preparation for a separation in 2019. Profit was $1.2 billion up 2% on a reported basis and 12% organically. Organic profit growth was driven by volume and cost productivity partially offset by inflation, price and higher program investment. As the Healthcare team continues to prepare for separation, they closed out a solid year."
123,NEUTRAL,0.00014331089914776385,1.0182398909819312e-05,0.9452528953552246,0.05459360405802727,0.699999988079071,0.10000000149011612,positive,0.521892,123,0.5,neutral,"Moving to oil and gas. Baker Hughes GE released its financial results this morning and Lorenzo and Brian will hold their earnings call with investors today following ours. Next for Transportation and Lighting. Since we last spoke in October, we signed an agreement to sell Current to American Industrial Partners and the Justice Department has closed its review of the pending merger between GE Transportation and Wabtec."
124,NEUTRAL,0.002239698776975274,0.007765744812786579,0.9678627848625183,0.022131802514195442,0.5,-0.10000000149011612,negative,-0.348476,124,0.5,neutral,"Last week, we also announced amended transaction terms to further support our deleveraging plan. GE will increase its stake in Wabtec from approximately 10% to approximately 25% resulting in increased cash proceeds of approximately $2.2 billion as we sell down our stake. We will still receive $2.9 billion in cash from Wabtec at closing and both transactions are expected to close in early 2019 subject to customary closing conditions."
125,NEUTRAL,0.008047575131058693,0.022097110748291016,0.9498634338378906,0.019991910085082054,0.5,-0.10000000149011612,positive,0.431023,125,0.716612696647644,neutral,"Finally, I'll cover GE Capital. Net loss from continuing operations was $86 million in the quarter, including a tax reform adjustment of negative $128 million. Adjusted continuing net income was $43 million. We completed our annual GAAP loss recognition testing in our runoff insurance portfolio, which resulted in an after-tax charge of about $65 million to increase reserves."
126,NEUTRAL,0.010065567679703236,0.0739862322807312,0.9059736728668213,0.009974486194550991,1.100000023841858,0.10000000149011612,positive,0.650649,126,0.760503351688385,neutral,"As part of the test, we unlocked our future policy benefit reserve and updated key assumptions related to the book. The two largest drivers being the changes to our assumptions and morbidity improvement of a negative $1.2 billion offset by discount rate impact of $1.9 billion. Recall that statutory testing not GAAP drives funding. We expect to conclude the statutory testing in mid-to-late February and consistent with our existing insurance funding plan, we continue to expect required statutory funding of approximately $2 billion in the first quarter of 2019. We are managing this runoff portfolio with new management and increased board expertise and focus."
127,NEUTRAL,0.0007118095527403057,0.0014649010263383389,0.986894965171814,0.010928374715149403,0.20000000298023224,0.0,positive,0.42771,127,0.8706933259963989,neutral,"To provide additional information to further clarify our insurance obligations, we plan to include enhanced disclosures related to our insurance book in our 10-K, which will be released in mid-to-late February. We'll include a wide range of items from the profile of our book to morbidity and mortality assumptions to lapse rates, premium increases and related sensitivities."
128,NEGATIVE,0.02415444143116474,0.4712534248828888,0.4517487585544586,0.052843403071165085,0.0,0.0,neutral,0.0,128,0.7844294905662537,neutral,With that I'll turn it back over to Larry.
129,POSITIVE,0.005915533751249313,0.0004779171431437135,0.4217647612094879,0.5718417167663574,1.2999999523162842,0.20000000298023224,positive,0.857941,129,0.9704262614250183,positive,"We have the right portfolio of strategy and I'm confident the company is capable of gaining profitable share and creating long-term value for our shareholders. So let me cover where we stand on providing an outlook. Then I'll address some of the company changes followed by updates on our results, the balance sheet, capital and power. Jamie will take you through more details on the quarter and then I'll wrap with some metrics and comments to help you frame the outlook for 2019 before Q&A."
130,POSITIVE,0.018224986270070076,0.0010636707302182913,0.07713931798934937,0.9035720229148865,1.100000023841858,0.20000000298023224,positive,0.891634,130,0.8850567936897278,neutral,"Jamie, thank you. So hopefully, by now you have a better sense of what I'm seeing at GE after nearly four months, our strengths, our challenges and our strategy for moving forward. I'd like to give you all the information and views on 2019 that we have today with more to come soon. We expect industrial organic revenue growth to be up low to mid-single digits on the back of a significant ramp in renewables and continued strength in Aviation and Healthcare."
131,NEUTRAL,0.0018930394435301423,0.0030640740878880024,0.9903685450553894,0.004674412310123444,0.800000011920929,0.10000000149011612,negative,-0.333805,131,0.5,negative,"Power will be down in a flat to slightly down market in 2019. We also expect our industrial operating margins to expand. On free cash flow, we expect to face operating headwinds such as the PTC progress cycle reversing in renewables and we will spend more cash on restructuring at both Corporate and Power. In addition, we have a number of nonrecurring investments and commitments that create a drag on our free cash flow in 2019 but which will meaningfully lessen in 2020 and '21. These include transitioning to GE Capital supply chain financing program to MUFG and reducing factoring with GE Capital, Alstom pension contributions and legal settlements and the costs related to the preparation for our Healthcare business for our public separation."
132,NEUTRAL,0.0024632324930280447,0.0014757515164092183,0.9314930438995361,0.0645679235458374,0.699999988079071,0.0,positive,0.871039,132,0.7572906017303467,positive,"We anticipate cash flow to grow substantially in 2020 and 2021 as we make significant headway in addressing legacy and structural issues while simultaneously realizing the benefits from restructuring and stronger daily management of our businesses particularly in Power. In aviation, we see 75% to 80% of the 2019 commercial engine revenues secured in the backlog, with a largely recurring service revenue stream of approximately $15 billion. We are maintaining margin levels consistent with pre-LEAP periods despite mix changes with a healthy new order book. With these in mind, we see high single-digit revenue growth and low single-digit profit growth."
133,NEUTRAL,0.0018824711441993713,0.0003043344768229872,0.9232990145683289,0.07451428472995758,1.2999999523162842,0.10000000149011612,positive,0.696643,133,0.5,neutral,"In Healthcare, we expect organic growth in margins in a similar range to last year. We see double-digit revenue growth in renewables. The business is coming through the PTC cycle and onshore wind, which contributed to strong cash performance in 2018, as a result of progress build. That progress cycle will begin reversing this year, as we transition to factory production and book revenue against those contracts. However, we see price declines moderating and within the level of our product cost reduction efforts going forward. This is our baseline today for 2019 as our plan continues to evolve. As we develop more conviction around the cash flow situation of Power, we will update you in the near term with respect to the outlook for the full year."
134,NEUTRAL,0.00617657694965601,0.0011851305607706308,0.6412584185600281,0.3513798415660858,2.200000047683716,0.0,positive,0.865654,134,0.9099326133728027,positive,"So my message for 2019 is that the more stable businesses of Aviation and Healthcare are healthy and growing. Renewables is moving through the PTC cycle. We are working on Power and capital is shrinking. 2019 is still very much a work in progress but the company is becoming stronger. As I said earlier, the how much is important here, but the how is far more fundamental. How is about understanding and fixing problems at root cause. How is about process not for processes sake but to ensure the sustainability of our results to create enduring shareholder value. I'm proud of the momentum, I see across this company and the changes we're making to strengthen GE for the long run."
135,NEUTRAL,0.04784335941076279,0.017957132309675217,0.8685190081596375,0.06568050384521484,2.0,0.10000000149011612,positive,0.406201,135,0.5,neutral,"Morning. Lots of questions. I mean, I'm sure a lot of my questions will be picked up by other analysts, but I just want to start on. It sounds like your plans on Healthcare now are pretty defined, Larry. It looks like you're looking to monetize 50% putting an $18 billion of pension debts, via an IPO-type process. Is that now defined or are there still some moving pieces on that process?"
136,POSITIVE,0.025332139804959297,0.0069537172093987465,0.4213350713253021,0.546379029750824,1.2000000476837158,0.4000000059604645,positive,0.734258,136,0.9280644059181213,neutral,Let's start with the outlook because investors want to know how we expect to perform financially and you should expect to come from a place of reality. Simply put the how much is important but the how is far more fundamental. We have a good line of sight in most of our businesses today including Aviation and Healthcare.
137,POSITIVE,0.01787400431931019,0.004346233792603016,0.18866050243377686,0.7891192436218262,2.4000000953674316,0.30000001192092896,positive,0.737454,137,0.5,positive,"Well, I think we've talked about that separation as the plan of record and that continues to be the case today. The team is very well along Nigel with respect to the preparation for a flotation. We don't have a time frame per se to share with you today but we are spending a significant amount of money in '19 as we did last year in preparation. We're obviously proud of what Karyn and the team are doing here. Very strong top line earnings and cash performance and we think this is a business that is going to be a strong resilient performer through cycles. So that is the plan."
138,NEUTRAL,0.11786804348230362,0.05090860649943352,0.6161001920700073,0.21512307226657867,2.4000000953674316,0.6000000238418579,positive,0.67028,138,0.5,neutral,"Okay. And then my follow-on would be, you gave a lot of detail on what you've been doing for the last few months and lots of opportunities for improvement. One thing, you didn't really touch on was pricing and pricing excellence and your one precedent of GE in the past has been may be trading price for market share. So I'm just curious, what your thoughts are in terms of improving the pricing realization going forward?"
139,NEUTRAL,0.10473550111055374,0.2302277535200119,0.565046489238739,0.09999024122953415,3.299999952316284,0.20000000298023224,positive,0.646128,139,0.794804573059082,neutral,"Nigel, forgive us, if we didn't get into that in detail. We didn't want to overstay our welcome with respect to our prepared remarks. But when you hear us refer to profitable market share that is both an external and internal recognition. And it can't be share for share sake. And particularly in Power, I think we are acutely aware that we have opportunities both on new equipment and on the service book to basically value sell what we're doing more frequently. I got the word last night for example within Power of a project that is looking very good where we're frankly -- we are not the low bid, right? I think that just speaks to the way we're able to communicate the value of our technology. We know in these businesses from Healthcare to renewables price is a reality. We want to be smarter around pricing, at the same time, frankly when you hear us talk about labor and material productivity, we really want to push that hard and do that in line with market realities, so that we can maintain margins in light of some of those pressures."
140,NEUTRAL,0.15433569252490997,0.12641753256320953,0.4709300994873047,0.2483166605234146,1.399999976158142,0.10000000149011612,positive,0.516945,140,0.8407794237136841,positive,"And Nigel, just to add a little bit more color there on the numbers. Orders pricing in total for the year was relatively flat. It was actually up just slightly and it was up more than that in the second half. And as Larry mentioned, we are seeing in the numbers the pressure moderating at Power and at renewables. Power really with respect to the enhanced discipline on new projects and bids as Larry talked about. In renewables, we're seeing that pressure moderate as we move throughout the year as well primarily as we're moving through that PTC cycle. The supply chains are more stretched and that price dynamic becomes a little bit more unbalanced. Aviation and Healthcare are running as you would expect, which is strongly as Larry mentioned."
141,NEUTRAL,0.0064652482978999615,0.10850793868303299,0.8618510961532593,0.02317569963634014,0.0,0.0,positive,0.47644,141,0.5,neutral,"And from JPMorgan, we have Steve Tusa. Please go ahead."
142,NEUTRAL,0.04517504945397377,0.1202123835682869,0.6901761889457703,0.14443640410900116,1.2000000476837158,0.10000000149011612,positive,0.464977,142,0.9010010957717896,neutral,"Hey, good morning. So you mentioned on the free cash flow dynamics, you mentioned the PTC headwind, a bit more restructuring cash, some other I guess nonrecurring investments. Can you maybe give us some color on that? In addition, just provide some color on how much of a, I think Jamie said before about $1 billion of headwind or so from divestitures. So maybe just help us with a bit of a rough bridge from the $4.5 you did in 2018? Because obviously that sounds like it's going to be down."
143,NEUTRAL,0.19384782016277313,0.23488996922969818,0.3375367522239685,0.23372548818588257,0.800000011920929,0.0,positive,0.617899,143,0.7374500036239624,neutral,"Yes. So why don't I talk through the components of 2018 first in terms of really walking you through the rounding out our fourth quarter performance and we can address some of those questions. So for 2018, if you really walk the changes, we obviously had earnings. We also had working capital, which for the year was basically zero impact of free cash flow. Fourth quarter was $2.3 billion positive. As we expected with large volumes coming through this quarter. Contract assets was basically flat."
144,NEUTRAL,0.027485879138112068,0.07804707437753677,0.8493051528930664,0.0451618954539299,0.800000011920929,0.0,negative,-0.467429,144,0.6959599256515503,neutral,"Hey, sorry. I can see the slide. I just wanted to know like $4.5 billion. Is that -- there's a lot of headwinds that Larry had talked about. I'm just curious as to maybe you can give us some color on the size of some of those headwinds? And obviously, it sounds like it will be down. Will you as an organization generate cash including GE Capital next year? I guess that's the simple way to ask the question."
145,NEGATIVE,0.06666292995214462,0.5956162810325623,0.22042180597782135,0.1172989159822464,1.2000000476837158,0.30000001192092896,positive,0.823111,145,0.9299872517585754,neutral,"Yeah, Steve. And I think the simple answer the question is, what we're trying to communicate today is that we are going to see pressures both operational and nonrecurring. We are going to be back shortly when we can take you through a detailed walk in that regard. I think from an operating perspective, is worth acknowledging a lot of good performance in the number of businesses."
146,NEUTRAL,0.05771387368440628,0.306228905916214,0.5978519916534424,0.03820522129535675,1.100000023841858,0.0,positive,0.79457,146,0.7604103088378906,positive,Clearly renewables was stronger from a cash perspective in '18 and is likely to be in '19 given the PTC dynamic. And we are going to go deep here on additional restructuring where we see opportunities to put that money to work and generate real returns. We also have some of these nonrecurring events or issues. Some of them are policy decisions like the move on the supply chain financing program. I think we've got better line of sight today on some of these legacy issues that come out of Alstom that we're on the hook or those are real cash commitments in '19 that abate thereafter and we do have the cost relative in Healthcare IPO.
147,NEUTRAL,0.08351974189281464,0.14698217809200287,0.6998146176338196,0.06968343257904053,2.700000047683716,0.20000000298023224,positive,0.656218,147,0.9276286363601685,neutral,"For the industrial portfolio in total, we will provide you with our outlook for organic growth and we'll do so directionally on operating margins and free cash flow. We will give you a more detailed outlook in the near term but not today. For Power, we are resetting the baseline. We are reviewing every single project and contract and digging deeper to understand costs and benefits with respect to restructuring, market and commercial execution, improvement opportunities, legacy project issues and our service operations. We're gaining more meaningful insights into the paths for near and long-term earnings and cash potential of this business. This work takes time especially with the new structure and leadership team."
148,POSITIVE,0.01917402446269989,0.06312256306409836,0.39607730507850647,0.5216260552406311,0.800000011920929,0.4000000059604645,positive,0.859232,148,0.8587590456008911,positive,"So again, I think the headline is, we finished strongly. We know we got some operating and non-operating pressures and think we work through that in '19 with an eye toward a stronger cash flow performance in '20 and '21 with more details to come soon."
149,POSITIVE,0.013982863165438175,0.003680524416267872,0.24801014363765717,0.7343264222145081,0.8999999761581421,0.4000000059604645,positive,0.753425,149,0.8446643948554993,positive,"Great. And what do you expect GE cash to earn in 2019 and how much from an ongoing cash generation perspective, how much will they be generating?"
150,NEUTRAL,0.009357165545225143,0.06798390299081802,0.9042882919311523,0.018370548263192177,0.20000000298023224,-0.10000000149011612,positive,0.339907,150,0.7249346375465393,neutral,"Steve, as I said in both my prepared remarks and a moment ago when we have everything locked down to get into those specifics then we'll do that soon. We'll be back to you."
151,NEUTRAL,0.020519426092505455,0.027237866073846817,0.8617454767227173,0.09049719572067261,1.2000000476837158,0.0,negative,-0.319729,151,0.8815706372261047,negative,"Yeah. Two from me. Just thinking about the Healthcare exit in particular. Kind of, for lack of a better term, losing that cash flow near term seems like it would create some stress on the organization. Can you give us a sense of, what you foresee as kind of the timing of the exit? And then Larry, particularly interested also on, how you view exiting the remaining 50% stake. Do you see the potential for some kind of, equity-friendly exit with that piece the split-off for example, which you might shrink the share count of the remaining company?"
152,NEUTRAL,0.05560655519366264,0.089838407933712,0.7748459577560425,0.0797090157866478,2.5999999046325684,0.20000000298023224,positive,0.408733,152,0.7724723815917969,neutral,"Well Steve, I'd like to think that everything that we do is shareholder-friendly, right? I mean, we take a strong view here and you know, from seeing me in other roles that we want to create long-term shareholder value with the cumulative effect of everything that we do. I think with respect to Healthcare what we can confirm today is that we're on the path toward an IPO here in 2019. Timing is still TBD. So we don't have a date. Like me on my senior prom. I just don't have a date for you today but I think in time, we'll have more clarity."
153,NEUTRAL,0.023856312036514282,0.07134579122066498,0.8182047009468079,0.08659309148788452,0.800000011920929,0.20000000298023224,positive,0.78228,153,0.762275755405426,neutral,"With respect to Baker Hughes, I mean we talked about that as part of that $50 billion pool of options to go to. I think that the high probability there is for us is to sell our shares. We certainly are approached by various folks, who have an interest in a stake in that company. And again, we don't have a timetable per se to share with you today but we want to reiterate our view to dispose of that stake in an orderly manner, which again we think is conducive to value creation for our shareholders."
154,NEUTRAL,0.03364197537302971,0.08355218172073364,0.8350032567977905,0.04780258610844612,1.0,-0.10000000149011612,negative,-0.483724,154,0.15198025107383728,neutral,"Thanks. And just as a follow-up. I didn't have a prom date and I've been called worse than Steve but as unrelated follow-up, if we think about what you're going through in insurance right now, the comment about the statutory review. Is that to indicate Larry or Jamie that even if there is some adverse outcome as it relates to that statutory review, it would not affect your near-term funding needs and instead those would be tacked onto the tail, so to speak of what you're planning from reserve build?"
